Category,Item,Serving Size,Calories,Calories from Fat,Total Fat,Total Fat (% Daily Value),Saturated Fat,Saturated Fat (% Daily Value),Trans Fat,Cholesterol,Cholesterol (% Daily Value),Sodium,Sodium (% Daily Value),Carbohydrates,Carbohydrates (% Daily Value),Dietary Fiber,Dietary Fiber (% Daily Value),Sugars,Protein,Vitamin A (% Daily Value),Vitamin C (% Daily Value),Calcium (% Daily Value),Iron (% Daily Value),Price
Breakfast,"Sausage, Egg & Cheese McGriddles",7.1 oz (201 g),550,280,31,48,12,61,0,265,89,1320,55,48,16,2,9,15,20,10,0,20,15,2.79
Beef & Pork,Double Cheeseburger,5.7 oz (161 g),430,190,21,32,10,52,1,90,30,1040,43,35,12,2,8,7,24,10,2,30,20,1.49
Salads,Premium Bacon Ranch Salad with Grilled Chicken,8.5 oz (241 g),220,80,8,13,4,20,0,85,29,690,29,8,3,2,10,4,29,110,30,15,8,3.49
Chicken & Fish,Chicken McNuggets (6 piece),3.4 oz (97 g),280,160,18,27,3,15,0,40,13,540,22,18,6,1,4,0,13,0,2,2,4,2.99
Breakfast,Sausage McMuffin with Egg,5.7 oz (161 g),450,250,28,43,10,52,0,285,95,860,36,30,10,4,17,2,21,15,0,30,15,2.19
Beef & Pork,Big Mac,7.4 oz (211 g),530,240,27,42,10,48,1,85,28,960,40,47,16,3,13,9,24,6,2,25,25,2.99
Beef & Pork,Cheeseburger,4 oz (113 g),290,100,11,18,5,27,0.5,45,15,680,28,33,11,2,7,7,15,6,2,20,15,0.99
Beef & Pork,Hamburger,3.5 oz (98 g),240,70,8,12,3,15,0,30,10,480,20,32,11,1,6,6,12,2,2,10,15,0.89
Snacks & Sides,Medium French Fries,3.9 oz (111 g),340,140,16,24,2.5,11,0,0,0,190,8,44,15,4,14,0,4,0,45,2,4,1.09
Desserts,Baked Apple Pie,2.7 oz (77 g),250,110,13,19,7,35,0,0,0,170,7,32,11,4,15,13,2,4,25,2,6,0.99
Beverages,Coca-Cola Classic (Medium),21 fl oz cup,200,0,0,0,0,0,0,0,0,5,0,55,18,0,0,55,0,0,0,0,0,0.99
Coffee & Tea,Latte (Medium),16 fl oz cup,210,90,10,16,6,30,0,30,11,140,6,18,6,1,4,15,11,10,0,35,0,1.59
Beverages,Sprite (Medium),21 fl oz cup,200,0,0,0,0,0,0,0,0,45,2,54,18,0,0,54,0,0,0,0,0,0.99
Breakfast,Hash Brown,2 oz (56 g),150,80,9,14,1.5,6,0,0,0,310,13,15,5,2,6,0,1,0,2,0,2,0.79
Chicken & Fish,McChicken,5.1 oz (143 g),360,140,16,25,3,15,0,35,11,800,33,40,13,2,7,5,14,0,2,10,15,2.59
Coffee & Tea,Frapp√© Mocha (Medium),16 fl oz cup,550,200,22,34,14,71,1,75,25,160,7,80,27,1,4,71,9,15,0,25,4,2.19
Beef & Pork,Bacon Clubhouse Burger,9.5 oz (270 g),720,360,40,62,15,75,1.5,115,38,1470,61,51,17,4,14,14,39,8,25,30,25,4.29
Beef & Pork,Quarter Pounder with Cheese,7.1 oz (202 g),520,240,26,41,12,61,1.5,95,31,1100,46,41,14,3,11,10,30,10,2,30,25,2.99
Beef & Pork,McRib,7.3 oz (208 g),500,240,26,40,10,48,0,70,23,980,41,44,15,3,10,11,22,2,2,15,20,2.69
Chicken & Fish,Filet-O-Fish,5 oz (142 g),390,170,19,29,4,19,0,40,14,590,24,39,13,2,7,5,15,2,0,15,10,2.89
